Scenario#,Fault#,Fault-line,Alerts,Hazards,T1,T2,T3
7,1,"if float(loaded_glucose) > 120:||data_to_prepend["glucose"]=str(float(loaded_glucose)-10)||if float(data_to_prepend["glucose"])<0:||  data_to_prepend["glucose"]='0'",N/A,N/A,0.0,N/A,N/A
7,2,"if float(loaded_glucose) > 120:||data_to_prepend["glucose"]=str(float(loaded_glucose)-13)||if float(data_to_prepend["glucose"])<0:||  data_to_prepend["glucose"]='0'",N/A,N/A,0.0,N/A,N/A
7,3,"if float(loaded_glucose) > 120:||data_to_prepend["glucose"]=str(float(loaded_glucose)-15)||if float(data_to_prepend["glucose"])<0:||  data_to_prepend["glucose"]='0'",N/A,N/A,0.0,N/A,N/A
7,4,"if float(loaded_glucose) > 120:||data_to_prepend["glucose"]=str(float(loaded_glucose)-17)||if float(data_to_prepend["glucose"])<0:||  data_to_prepend["glucose"]='0'",N/A,N/A,0.0,N/A,N/A
7,5,"if float(loaded_glucose) > 120:||data_to_prepend["glucose"]=str(float(loaded_glucose)-18)||if float(data_to_prepend["glucose"])<0:||  data_to_prepend["glucose"]='0'",N/A,N/A,0.0,N/A,N/A
7,6,"if float(loaded_glucose) > 120:||data_to_prepend["glucose"]=str(float(loaded_glucose)-20)||if float(data_to_prepend["glucose"])<0:||  data_to_prepend["glucose"]='0'",N/A,N/A,0.0,N/A,N/A
7,7,"if float(loaded_glucose) > 120:||data_to_prepend["glucose"]=str(float(loaded_glucose)-22)||if float(data_to_prepend["glucose"])<0:||  data_to_prepend["glucose"]='0'",N/A,N/A,0.0,N/A,N/A
7,8,"if float(loaded_glucose) > 120:||data_to_prepend["glucose"]=str(float(loaded_glucose)-25)||if float(data_to_prepend["glucose"])<0:||  data_to_prepend["glucose"]='0'",N/A,N/A,0.0,N/A,N/A
7,9,"if float(loaded_glucose) > 120:||data_to_prepend["glucose"]=str(float(loaded_glucose)-27)||if float(data_to_prepend["glucose"])<0:||  data_to_prepend["glucose"]='0'",N/A,N/A,0.0,N/A,N/A
7,10,"if float(loaded_glucose) > 120:||data_to_prepend["glucose"]=str(float(loaded_glucose)-28)||if float(data_to_prepend["glucose"])<0:||  data_to_prepend["glucose"]='0'",N/A,N/A,0.0,N/A,N/A
7,11,"if float(loaded_glucose) > 120:||data_to_prepend["glucose"]=str(float(loaded_glucose)-30)||if float(data_to_prepend["glucose"])<0:||  data_to_prepend["glucose"]='0'",N/A,N/A,0.0,N/A,N/A
7,12,"if float(loaded_glucose) > 120:||data_to_prepend["glucose"]=str(float(loaded_glucose)-33)||if float(data_to_prepend["glucose"])<0:||  data_to_prepend["glucose"]='0'",N/A,N/A,0.0,N/A,N/A
7,13,"if float(loaded_glucose) > 120:||data_to_prepend["glucose"]=str(float(loaded_glucose)-35)||if float(data_to_prepend["glucose"])<0:||  data_to_prepend["glucose"]='0'",N/A,N/A,0.0,N/A,N/A
7,14,"if float(loaded_glucose) > 120:||data_to_prepend["glucose"]=str(float(loaded_glucose)-36)||if float(data_to_prepend["glucose"])<0:||  data_to_prepend["glucose"]='0'",N/A,N/A,0.0,N/A,N/A
7,15,"if float(loaded_glucose) > 120:||data_to_prepend["glucose"]=str(float(loaded_glucose)-38)||if float(data_to_prepend["glucose"])<0:||  data_to_prepend["glucose"]='0'",N/A,N/A,0.0,N/A,N/A
7,16,"if float(loaded_glucose) > 120:||data_to_prepend["glucose"]=str(float(loaded_glucose)-41)||if float(data_to_prepend["glucose"])<0:||  data_to_prepend["glucose"]='0'",N/A,N/A,0.0,N/A,N/A
7,17,"if float(loaded_glucose) > 120:||data_to_prepend["glucose"]=str(float(loaded_glucose)-43)||if float(data_to_prepend["glucose"])<0:||  data_to_prepend["glucose"]='0'",N/A,N/A,0.0,N/A,N/A
7,18,"if float(loaded_glucose) > 120:||data_to_prepend["glucose"]=str(float(loaded_glucose)-44)||if float(data_to_prepend["glucose"])<0:||  data_to_prepend["glucose"]='0'",N/A,N/A,0.0,N/A,N/A
7,19,"if float(loaded_glucose) > 120:||data_to_prepend["glucose"]=str(float(loaded_glucose)-47)||if float(data_to_prepend["glucose"])<0:||  data_to_prepend["glucose"]='0'",N/A,N/A,0.0,N/A,N/A
7,20,"if float(loaded_glucose) > 120:||data_to_prepend["glucose"]=str(float(loaded_glucose)-48)||if float(data_to_prepend["glucose"])<0:||  data_to_prepend["glucose"]='0'",N/A,N/A,0.0,N/A,N/A
7,21,"if float(loaded_glucose) > 120:||data_to_prepend["glucose"]=str(float(loaded_glucose)-51)||if float(data_to_prepend["glucose"])<0:||  data_to_prepend["glucose"]='0'",N/A,N/A,0.0,N/A,N/A
7,22,"if float(loaded_glucose) > 120:||data_to_prepend["glucose"]=str(float(loaded_glucose)-53)||if float(data_to_prepend["glucose"])<0:||  data_to_prepend["glucose"]='0'",N/A,N/A,0.0,N/A,N/A
7,23,"if float(loaded_glucose) > 120:||data_to_prepend["glucose"]=str(float(loaded_glucose)-55)||if float(data_to_prepend["glucose"])<0:||  data_to_prepend["glucose"]='0'",N/A,N/A,0.0,N/A,N/A
7,24,"if float(loaded_glucose) > 120:||data_to_prepend["glucose"]=str(float(loaded_glucose)-56)||if float(data_to_prepend["glucose"])<0:||  data_to_prepend["glucose"]='0'",N/A,N/A,0.0,N/A,N/A
7,25,"if float(loaded_glucose) > 120:||data_to_prepend["glucose"]=str(float(loaded_glucose)-58)||if float(data_to_prepend["glucose"])<0:||  data_to_prepend["glucose"]='0'",N/A,N/A,0.0,N/A,N/A
7,26,"if float(loaded_glucose) > 120:||data_to_prepend["glucose"]=str(float(loaded_glucose)-61)||if float(data_to_prepend["glucose"])<0:||  data_to_prepend["glucose"]='0'",N/A,N/A,0.0,N/A,N/A
7,27,"if float(loaded_glucose) > 120:||data_to_prepend["glucose"]=str(float(loaded_glucose)-62)||if float(data_to_prepend["glucose"])<0:||  data_to_prepend["glucose"]='0'",N/A,N/A,0.0,N/A,N/A
7,28,"if float(loaded_glucose) > 120:||data_to_prepend["glucose"]=str(float(loaded_glucose)-64)||if float(data_to_prepend["glucose"])<0:||  data_to_prepend["glucose"]='0'",N/A,N/A,0.0,N/A,N/A
7,29,"if float(loaded_glucose) > 120:||data_to_prepend["glucose"]=str(float(loaded_glucose)-66)||if float(data_to_prepend["glucose"])<0:||  data_to_prepend["glucose"]='0'",N/A,N/A,0.0,N/A,N/A
7,30,"if float(loaded_glucose) > 120:||data_to_prepend["glucose"]=str(float(loaded_glucose)-69)||if float(data_to_prepend["glucose"])<0:||  data_to_prepend["glucose"]='0'",N/A,N/A,0.0,N/A,N/A
7,31,"if float(loaded_glucose) > 120:||data_to_prepend["glucose"]=str(float(loaded_glucose)-71)||if float(data_to_prepend["glucose"])<0:||  data_to_prepend["glucose"]='0'",N/A,N/A,0.0,N/A,N/A
7,32,"if float(loaded_glucose) > 120:||data_to_prepend["glucose"]=str(float(loaded_glucose)-73)||if float(data_to_prepend["glucose"])<0:||  data_to_prepend["glucose"]='0'",N/A,N/A,0.0,N/A,N/A
7,33,"if float(loaded_glucose) > 120:||data_to_prepend["glucose"]=str(float(loaded_glucose)-75)||if float(data_to_prepend["glucose"])<0:||  data_to_prepend["glucose"]='0'",N/A,N/A,0.0,N/A,N/A
7,34,"if float(loaded_glucose) > 120:||data_to_prepend["glucose"]=str(float(loaded_glucose)-76)||if float(data_to_prepend["glucose"])<0:||  data_to_prepend["glucose"]='0'",N/A,N/A,0.0,N/A,N/A
7,35,"if float(loaded_glucose) > 120:||data_to_prepend["glucose"]=str(float(loaded_glucose)-78)||if float(data_to_prepend["glucose"])<0:||  data_to_prepend["glucose"]='0'",N/A,N/A,0.0,N/A,N/A
7,36,"if float(loaded_glucose) > 120:||data_to_prepend["glucose"]=str(float(loaded_glucose)-80)||if float(data_to_prepend["glucose"])<0:||  data_to_prepend["glucose"]='0'",N/A,N/A,0.0,N/A,N/A
7,37,"if float(loaded_glucose) > 120:||data_to_prepend["glucose"]=str(float(loaded_glucose)-82)||if float(data_to_prepend["glucose"])<0:||  data_to_prepend["glucose"]='0'",N/A,N/A,0.0,N/A,N/A
7,38,"if float(loaded_glucose) > 120:||data_to_prepend["glucose"]=str(float(loaded_glucose)-84)||if float(data_to_prepend["glucose"])<0:||  data_to_prepend["glucose"]='0'",N/A,N/A,0.0,N/A,N/A
7,39,"if float(loaded_glucose) > 120:||data_to_prepend["glucose"]=str(float(loaded_glucose)-87)||if float(data_to_prepend["glucose"])<0:||  data_to_prepend["glucose"]='0'",N/A,N/A,0.0,N/A,N/A
7,40,"if float(loaded_glucose) > 120:||data_to_prepend["glucose"]=str(float(loaded_glucose)-88)||if float(data_to_prepend["glucose"])<0:||  data_to_prepend["glucose"]='0'",N/A,N/A,0.0,N/A,N/A
7,41,"if float(loaded_glucose) > 120:||data_to_prepend["glucose"]=str(float(loaded_glucose)-91)||if float(data_to_prepend["glucose"])<0:||  data_to_prepend["glucose"]='0'",N/A,N/A,0.0,N/A,N/A
7,42,"if float(loaded_glucose) > 120:||data_to_prepend["glucose"]=str(float(loaded_glucose)-93)||if float(data_to_prepend["glucose"])<0:||  data_to_prepend["glucose"]='0'",N/A,N/A,0.0,N/A,N/A
7,43,"if float(loaded_glucose) > 120:||data_to_prepend["glucose"]=str(float(loaded_glucose)-94)||if float(data_to_prepend["glucose"])<0:||  data_to_prepend["glucose"]='0'",N/A,N/A,0.0,N/A,N/A
7,44,"if float(loaded_glucose) > 120:||data_to_prepend["glucose"]=str(float(loaded_glucose)-97)||if float(data_to_prepend["glucose"])<0:||  data_to_prepend["glucose"]='0'",N/A,N/A,0.0,N/A,N/A
7,45,"if float(loaded_glucose) > 120:||data_to_prepend["glucose"]=str(float(loaded_glucose)-98)||if float(data_to_prepend["glucose"])<0:||  data_to_prepend["glucose"]='0'",N/A,N/A,0.0,N/A,N/A
7,46,"if float(loaded_glucose) > 120:||data_to_prepend["glucose"]=str(float(loaded_glucose)-100)||if float(data_to_prepend["glucose"])<0:||  data_to_prepend["glucose"]='0'",N/A,N/A,0.0,N/A,N/A
7,47,"if float(loaded_glucose) > 120:||data_to_prepend["glucose"]=str(float(loaded_glucose)-103)||if float(data_to_prepend["glucose"])<0:||  data_to_prepend["glucose"]='0'",N/A,N/A,0.0,N/A,N/A
7,48,"if float(loaded_glucose) > 120:||data_to_prepend["glucose"]=str(float(loaded_glucose)-105)||if float(data_to_prepend["glucose"])<0:||  data_to_prepend["glucose"]='0'",N/A,N/A,0.0,N/A,N/A
7,49,"if float(loaded_glucose) > 120:||data_to_prepend["glucose"]=str(float(loaded_glucose)-107)||if float(data_to_prepend["glucose"])<0:||  data_to_prepend["glucose"]='0'",N/A,N/A,0.0,N/A,N/A
7,50,"if float(loaded_glucose) > 120:||data_to_prepend["glucose"]=str(float(loaded_glucose)-108)||if float(data_to_prepend["glucose"])<0:||  data_to_prepend["glucose"]='0'",N/A,N/A,0.0,N/A,N/A
7,51,"if float(loaded_glucose) > 120:||data_to_prepend["glucose"]=str(float(loaded_glucose)-111)||if float(data_to_prepend["glucose"])<0:||  data_to_prepend["glucose"]='0'",N/A,N/A,0.0,N/A,N/A
7,52,"if float(loaded_glucose) > 120:||data_to_prepend["glucose"]=str(float(loaded_glucose)-113)||if float(data_to_prepend["glucose"])<0:||  data_to_prepend["glucose"]='0'",N/A,N/A,0.0,N/A,N/A
7,53,"if float(loaded_glucose) > 120:||data_to_prepend["glucose"]=str(float(loaded_glucose)-114)||if float(data_to_prepend["glucose"])<0:||  data_to_prepend["glucose"]='0'",N/A,N/A,0.0,N/A,N/A
7,54,"if float(loaded_glucose) > 120:||data_to_prepend["glucose"]=str(float(loaded_glucose)-116)||if float(data_to_prepend["glucose"])<0:||  data_to_prepend["glucose"]='0'",N/A,N/A,0.0,N/A,N/A
7,55,"if float(loaded_glucose) > 120:||data_to_prepend["glucose"]=str(float(loaded_glucose)-118)||if float(data_to_prepend["glucose"])<0:||  data_to_prepend["glucose"]='0'",N/A,N/A,0.0,N/A,N/A
7,56,"if float(loaded_glucose) > 120:||data_to_prepend["glucose"]=str(float(loaded_glucose)-120)||if float(data_to_prepend["glucose"])<0:||  data_to_prepend["glucose"]='0'",N/A,N/A,0.0,N/A,N/A
7,57,"if float(loaded_glucose) > 120:||data_to_prepend["glucose"]=str(float(loaded_glucose)-122)||if float(data_to_prepend["glucose"])<0:||  data_to_prepend["glucose"]='0'",N/A,N/A,0.0,N/A,N/A
7,58,"if float(loaded_glucose) > 120:||data_to_prepend["glucose"]=str(float(loaded_glucose)-125)||if float(data_to_prepend["glucose"])<0:||  data_to_prepend["glucose"]='0'",N/A,N/A,0.0,N/A,N/A
7,59,"if float(loaded_glucose) > 120:||data_to_prepend["glucose"]=str(float(loaded_glucose)-127)||if float(data_to_prepend["glucose"])<0:||  data_to_prepend["glucose"]='0'",N/A,N/A,0.0,N/A,N/A
7,60,"if float(loaded_glucose) > 120:||data_to_prepend["glucose"]=str(float(loaded_glucose)-128)||if float(data_to_prepend["glucose"])<0:||  data_to_prepend["glucose"]='0'",N/A,N/A,0.0,N/A,N/A
7,61,"if float(loaded_glucose) > 120:||data_to_prepend["glucose"]=str(float(loaded_glucose)-130)||if float(data_to_prepend["glucose"])<0:||  data_to_prepend["glucose"]='0'",N/A,N/A,0.0,N/A,N/A
7,62,"if float(loaded_glucose) > 120:||data_to_prepend["glucose"]=str(float(loaded_glucose)-133)||if float(data_to_prepend["glucose"])<0:||  data_to_prepend["glucose"]='0'",N/A,N/A,0.0,N/A,N/A
7,63,"if float(loaded_glucose) > 120:||data_to_prepend["glucose"]=str(float(loaded_glucose)-134)||if float(data_to_prepend["glucose"])<0:||  data_to_prepend["glucose"]='0'",N/A,N/A,0.0,N/A,N/A
7,64,"if float(loaded_glucose) > 120:||data_to_prepend["glucose"]=str(float(loaded_glucose)-137)||if float(data_to_prepend["glucose"])<0:||  data_to_prepend["glucose"]='0'", Glucose = 250.1546547547251 || Glucose = 250.2572299003304 || Glucose = 250.2508342657396 || Glucose = 250.1401554529363 ,N/A,0.0,57.0||58.0||59.0||60.0,N/A
7,65,"if float(loaded_glucose) > 120:||data_to_prepend["glucose"]=str(float(loaded_glucose)-139)||if float(data_to_prepend["glucose"])<0:||  data_to_prepend["glucose"]='0'", Glucose = 250.54558584522206 || Glucose = 251.45389110603452 || Glucose = 252.2453510650616 || Glucose = 252.9189686676908 || Glucose = 253.47486493233689 || Glucose = 253.91413564547364 || Glucose = 254.2389646466396 || Glucose = 254.45169496639866 || Glucose = 254.55486853868683 || Glucose = 254.55125072000934 || Glucose = 254.4445807737323 || Glucose = 254.23935912381864 || Glucose = 253.94066271668447 || Glucose = 253.55398574899172 || Glucose = 253.08559373534547 || Glucose = 252.54226202523967 || Glucose = 251.93105861884152 || Glucose = 251.25867858911292 || Glucose = 250.53144650787732 ,N/A,0.0,52.0||53.0||54.0||55.0||56.0||57.0||58.0||59.0||60.0||61.0||62.0||63.0||64.0||65.0||66.0||67.0||68.0||69.0||70.0,N/A
7,66,"if float(loaded_glucose) > 120:||data_to_prepend["glucose"]=str(float(loaded_glucose)-140)||if float(data_to_prepend["glucose"])<0:||  data_to_prepend["glucose"]='0'", Glucose = 250.0391322561145 || Glucose = 250.88228612895608 || Glucose = 251.60464746339548 || Glucose = 252.2049237007511 || Glucose = 252.68348288530015 || Glucose = 253.0410995195146 || Glucose = 253.27996329185453 || Glucose = 253.40243472845023 || Glucose = 253.41207311606755 || Glucose = 253.31264888500363 || Glucose = 253.10813720360582 || Glucose = 252.80270497006543 || Glucose = 252.40240435914615 || Glucose = 251.91318008702976 || Glucose = 251.34256867764316 || Glucose = 250.69796541684963 ,N/A,0.0,52.0||53.0||54.0||55.0||56.0||57.0||58.0||59.0||60.0||61.0||62.0||63.0||64.0||65.0||66.0||67.0,N/A
7,67,"if float(loaded_glucose) > 120:||data_to_prepend["glucose"]=str(float(loaded_glucose)-143)||if float(data_to_prepend["glucose"])<0:||  data_to_prepend["glucose"]='0'", Glucose = 250.14415593922936 || Glucose = 251.4465232067278 || Glucose = 252.63495570992154 || Glucose = 253.70362354123336 || Glucose = 254.6475611007515 || Glucose = 255.46370135241895 || Glucose = 256.1506328047793 || Glucose = 256.7083780981933 || Glucose = 257.1374473682338 || Glucose = 257.43886311860535 || Glucose = 257.6141685691387 || Glucose = 257.66616973911323 || Glucose = 257.5987043204414 || Glucose = 257.41643687712263 || Glucose = 257.124927188672 || Glucose = 256.7303988130085 || Glucose = 256.2395404985927 || Glucose = 255.65933718940266 || Glucose = 254.99692757633744 || Glucose = 254.25948533964208 || Glucose = 253.45461327199797 || Glucose = 252.59011507874598 || Glucose = 251.674299446702 || Glucose = 250.71592764886813 ,N/A,0.0,50.0||51.0||52.0||53.0||54.0||55.0||56.0||57.0||58.0||59.0||60.0||61.0||62.0||63.0||64.0||65.0||66.0||67.0||68.0||69.0||70.0||71.0||72.0||73.0,N/A
7,68,"if float(loaded_glucose) > 120:||data_to_prepend["glucose"]=str(float(loaded_glucose)-145)||if float(data_to_prepend["glucose"])<0:||  data_to_prepend["glucose"]='0'", Glucose = 251.19633649288266 || Glucose = 252.6277845693906 || Glucose = 253.94490100676788 || Glucose = 255.1403309625292 || Glucose = 256.20805759109953 || Glucose = 257.144353174807 || Glucose = 257.946714103016 || Glucose = 258.61377766546065 || Glucose = 259.145236143047 || Glucose = 259.54250114184526 || Glucose = 259.8084044221386 || Glucose = 259.9469325773737 || Glucose = 259.96248983806765 || Glucose = 259.8598365670876 || Glucose = 259.64402977226723 || Glucose = 259.32086843738654 || Glucose = 258.8966921871657 || Glucose = 258.3792103112708 || Glucose = 257.77605784656805 || Glucose = 257.0952243146672 || Glucose = 256.34484751254064 || Glucose = 255.5330461925736 || Glucose = 254.66828098597136 || Glucose = 253.75860753960558 || Glucose = 252.8121165869798 || Glucose = 251.8369949943501 || Glucose = 250.8417975276106 ,N/A,0.0,50.0||51.0||52.0||53.0||54.0||55.0||56.0||57.0||58.0||59.0||60.0||61.0||62.0||63.0||64.0||65.0||66.0||67.0||68.0||69.0||70.0||71.0||72.0||73.0||74.0||75.0||76.0,N/A
7,69,"if float(loaded_glucose) > 120:||data_to_prepend["glucose"]=str(float(loaded_glucose)-146)||if float(data_to_prepend["glucose"])<0:||  data_to_prepend["glucose"]='0'", Glucose = 251.26476528943817 || Glucose = 252.71368146558245 || Glucose = 254.05034357359645 || Glucose = 255.26774645066928 || Glucose = 256.36054060869617 || Glucose = 257.32489276704376 || Glucose = 258.158102729868 || Glucose = 258.8585418654013 || Glucose = 259.42558593471216 || Glucose = 259.86029633893867 || Glucose = 260.165134986187 || Glucose = 260.3437107993564 || Glucose = 260.4000515604936 || Glucose = 260.338550202098 || Glucose = 260.1639115401065 || Glucose = 259.8816034390216 || Glucose = 259.4976591975589 || Glucose = 259.01951146585577 || Glucose = 258.45454753589934 || Glucose = 257.81053999265913 || Glucose = 257.0954404215794 || Glucose = 256.3172113689588 || Glucose = 255.48418756254557 || Glucose = 254.60432576615784 || Glucose = 253.68564458190968 || Glucose = 252.7362841043651 || Glucose = 251.76477694585716 || Glucose = 250.780705389173 ,N/A,0.0,50.0||51.0||52.0||53.0||54.0||55.0||56.0||57.0||58.0||59.0||60.0||61.0||62.0||63.0||64.0||65.0||66.0||67.0||68.0||69.0||70.0||71.0||72.0||73.0||74.0||75.0||76.0||77.0,N/A
7,70,"if float(loaded_glucose) > 120:||data_to_prepend["glucose"]=str(float(loaded_glucose)-148)||if float(data_to_prepend["glucose"])<0:||  data_to_prepend["glucose"]='0'", Glucose = 250.42136098542554 || Glucose = 252.08887859905752 || Glucose = 253.6582777450776 || Glucose = 255.12029041188484 || Glucose = 256.4665302271237 || Glucose = 257.68958866703696 || Glucose = 258.78434776452355 || Glucose = 259.74668585075096 || Glucose = 260.5744874720051 || Glucose = 261.2663498986398 || Glucose = 261.8216029576703 || Glucose = 262.2403112442869 || Glucose = 262.5240224351658 || Glucose = 262.6755276286459 || Glucose = 262.6986462010205 || Glucose = 262.59803335291593 || Glucose = 262.37926270082744 || Glucose = 262.0486004497007 || Glucose = 261.6128101989727 || Glucose = 261.0789855314927 || Glucose = 260.454407696072 || Glucose = 259.7464258408126 || Glucose = 258.96235739685306 || Glucose = 258.1099073152821 || Glucose = 257.1969503210132 || Glucose = 256.2313549403901 || Glucose = 255.22158729586153 || Glucose = 254.1761279960301 || Glucose = 253.10352742370952 || Glucose = 252.01316401438208 || Glucose = 250.9152617525346 ,N/A,0.0,49.0||50.0||51.0||52.0||53.0||54.0||55.0||56.0||57.0||58.0||59.0||60.0||61.0||62.0||63.0||64.0||65.0||66.0||67.0||68.0||69.0||70.0||71.0||72.0||73.0||74.0||75.0||76.0||77.0||78.0||79.0,N/A
7,71,"if float(loaded_glucose) > 120:||data_to_prepend["glucose"]=str(float(loaded_glucose)-150)||if float(data_to_prepend["glucose"])<0:||  data_to_prepend["glucose"]='0'", Glucose = 250.3005392451893 || Glucose = 252.07193067469026 || Glucose = 253.7726009269612 || Glucose = 255.3951070181277 || Glucose = 256.9328096833897 || Glucose = 258.37989673790946 || Glucose = 259.73064234888506 || Glucose = 260.97960062307055 || Glucose = 262.12175808161203 || Glucose = 263.1529040937207 || Glucose = 264.0696489376833 || Glucose = 264.8694259496841 || Glucose = 265.54996776697413 || Glucose = 266.1094243773112 || Glucose = 266.5464493727995 || Glucose = 266.86077455729054 || Glucose = 267.0531006577126 || Glucose = 267.12499193212153 || Glucose = 267.07877501703274 || Glucose = 266.91744235058235 || Glucose = 266.6445604794928 || Glucose = 266.2641835133437 || Glucose = 265.7812870190725 || Glucose = 265.20154017278924 || Glucose = 264.5311100631793 || Glucose = 263.7764948449199 || Glucose = 262.9443826980319 || Glucose = 262.0415337748362 || Glucose = 261.0756963549128 || Glucose = 260.05471327398766 || Glucose = 258.98686398115854 || Glucose = 257.88083406631745 || Glucose = 256.74591479080897 || Glucose = 255.59260827933156 || Glucose = 254.43102880052996 || Glucose = 253.2707307826942 || Glucose = 252.12009867964653 || Glucose = 250.98739632180914 ,N/A,0.0,49.0||50.0||51.0||52.0||53.0||54.0||55.0||56.0||57.0||58.0||59.0||60.0||61.0||62.0||63.0||64.0||65.0||66.0||67.0||68.0||69.0||70.0||71.0||72.0||73.0||74.0||75.0||76.0||77.0||78.0||79.0||80.0||81.0||82.0||83.0||84.0||85.0||86.0,N/A
7,72,"if float(loaded_glucose) > 120:||data_to_prepend["glucose"]=str(float(loaded_glucose)-153)||if float(data_to_prepend["glucose"])<0:||  data_to_prepend["glucose"]='0'", Glucose = 251.4491695900152 || Glucose = 253.3220130697019 || Glucose = 255.11351970392096 || Glucose = 256.8124368876766 || Glucose = 258.40845740577396 || Glucose = 259.8923146057318 || Glucose = 261.25584935210446 || Glucose = 262.49230478453336 || Glucose = 263.59627949848476 || Glucose = 264.5636715014232 || Glucose = 265.3913582992406 || Glucose = 266.07719584577393 || Glucose = 266.6200013944109 || Glucose = 267.0202964110177 || Glucose = 267.0202964110177 || Glucose = 267.0202964110177 || Glucose = 267.0202964110177 || Glucose = 267.0202964110177 || Glucose = 267.07877501703274 || Glucose = 266.91744235058235 || Glucose = 266.6445604794928 || Glucose = 266.2639256033185 || Glucose = 265.78084580385723 || Glucose = 265.201747580813 || Glucose = 264.53384294592485 || Glucose = 263.78433856417007 || Glucose = 262.9603579256208 || Glucose = 262.0724384641807 || Glucose = 261.1293453379355 || Glucose = 260.13939551499413 || Glucose = 259.1104152074987 || Glucose = 258.04971319603806 || Glucose = 256.96581448047203 || Glucose = 255.86742347019327 || Glucose = 254.7626548066904 || Glucose = 253.65873103400355 || Glucose = 252.56276383099672 || Glucose = 251.48255464213543 || Glucose = 250.42567889968947 || Glucose = 250.01638489946606 || Glucose = 250.32997076105892 || Glucose = 250.6208589386195 || Glucose = 250.88785242131618 || Glucose = 251.13020560292722 || Glucose = 251.34755179872283 || Glucose = 251.5393540351784 || Glucose = 251.70498865302807 || Glucose = 251.8438111534575 || Glucose = 251.95569432128804 || Glucose = 252.03995263309238 || Glucose = 252.0967544348685 || Glucose = 252.1261962162435 || Glucose = 252.12883804167726 || Glucose = 252.10559974744933 || Glucose = 252.05767355496644 || Glucose = 251.98596327563754 || Glucose = 251.89165187304314 || Glucose = 251.7763685594502 || Glucose = 251.64205459835932 || Glucose = 251.4913401971644 || Glucose = 251.32658405650227 || Glucose = 251.14941296464883 || Glucose = 250.9608869252738 || Glucose = 250.76236386884267 || Glucose = 250.55588435827732 || Glucose = 250.34394873984576 || Glucose = 250.12885293503808 ,N/A,0.0,49.0||50.0||51.0||52.0||53.0||54.0||55.0||56.0||57.0||58.0||59.0||60.0||61.0||62.0||63.0||64.0||65.0||66.0||67.0||68.0||69.0||70.0||71.0||72.0||73.0||74.0||75.0||76.0||77.0||78.0||79.0||80.0||81.0||82.0||83.0||84.0||85.0||86.0||87.0||137.0||138.0||139.0||140.0||141.0||142.0||143.0||144.0||145.0||146.0||147.0||148.0||149.0||150.0||151.0||152.0||153.0||154.0||155.0||156.0||157.0||158.0||159.0||160.0||161.0||162.0||163.0||164.0,N/A
7,73,"if float(loaded_glucose) > 120:||data_to_prepend["glucose"]=str(float(loaded_glucose)-154)||if float(data_to_prepend["glucose"])<0:||  data_to_prepend["glucose"]='0'", Glucose = 251.59469234851375 || Glucose = 253.49261309696996 || Glucose = 255.3118821863347 || Glucose = 257.04144085491083 || Glucose = 258.6710240273593 || Glucose = 260.1907838912059 || Glucose = 261.59302171755365 || Glucose = 262.8709546289608 || Glucose = 264.0187792398858 || Glucose = 265.03171030525584 || Glucose = 265.90625392403354 || Glucose = 266.64013594363416 || Glucose = 267.2322248000075 || Glucose = 267.6829669930033 || Glucose = 267.9941583795301 || Glucose = 268.1687363615394 || Glucose = 268.21059156102353 || Glucose = 268.12439775820474 || Glucose = 267.9157183209246 || Glucose = 267.59079408688245 || Glucose = 267.15635905232557 || Glucose = 266.61948139225626 || Glucose = 265.98742746561584 || Glucose = 265.26754657543927 || Glucose = 264.4676875243833 || Glucose = 263.5959641196542 || Glucose = 262.66056349875265 || Glucose = 261.67009999531786 || Glucose = 260.63333844254964 || Glucose = 259.5592265753141 || Glucose = 258.4563959201709 || Glucose = 257.333797355092 || Glucose = 256.2013843555921 || Glucose = 255.06857480600615 || Glucose = 253.94413106267174 || Glucose = 252.83559051953574 || Glucose = 251.75035096466405 || Glucose = 250.695959946672 || Glucose = 250.08638840338423 || Glucose = 250.17948590474163 || Glucose = 250.2628110179938 || Glucose = 250.33565947758086 || Glucose = 250.39752666475417 || Glucose = 250.44808067097435 || Glucose = 250.48738057952303 || Glucose = 250.51505873100274 || Glucose = 250.5309387018825 || Glucose = 250.53524588277688 || Glucose = 250.52851015673048 || Glucose = 250.51196986280223 || Glucose = 250.48663868595915 || Glucose = 250.4523782134166 || Glucose = 250.40942386298246 || Glucose = 250.35829177693796 || Glucose = 250.2997019148234 || Glucose = 250.2342728574244 || Glucose = 250.16254049091467 || Glucose = 250.08521550811344 || Glucose = 250.0028843177602 ,N/A,0.0,49.0||50.0||51.0||52.0||53.0||54.0||55.0||56.0||57.0||58.0||59.0||60.0||61.0||62.0||63.0||64.0||65.0||66.0||67.0||68.0||69.0||70.0||71.0||72.0||73.0||74.0||75.0||76.0||77.0||78.0||79.0||80.0||81.0||82.0||83.0||84.0||85.0||86.0||157.0||158.0||159.0||160.0||161.0||162.0||163.0||164.0||165.0||166.0||167.0||168.0||169.0||170.0||171.0||172.0||173.0||174.0||175.0||176.0||177.0,N/A
7,74,"if float(loaded_glucose) > 120:||data_to_prepend["glucose"]=str(float(loaded_glucose)-157)||if float(data_to_prepend["glucose"])<0:||  data_to_prepend["glucose"]='0'", Glucose = 250.48757588927344 || Glucose = 251.93970893303944 || Glucose = 253.30471000066817 || Glucose = 254.57816137429174 || Glucose = 255.75643035763588 || Glucose = 256.8366514854141 || Glucose = 257.8167009742106 || Glucose = 258.6951647607744 || Glucose = 259.47130135766776 || Glucose = 260.14500064981166 || Glucose = 260.71673965524576 || Glucose = 261.18753617726765 || Glucose = 261.55890118188427 || Glucose = 261.8327906437523 || Glucose = 262.01155751553375 || Glucose = 262.09790439017866 || Glucose = 262.09483734357053 || Glucose = 262.0066354041481 || Glucose = 261.837501442286 || Glucose = 261.59258702709553 || Glucose = 261.2771979927988 || Glucose = 260.89670265768495 || Glucose = 260.4569606731436 || Glucose = 259.9643641138734 || Glucose = 259.4260942237891 || Glucose = 258.85027546554346 || Glucose = 258.24504634771176 || Glucose = 257.6176181275547 || Glucose = 256.97435309505414 || Glucose = 256.32108776733816 || Glucose = 255.66288111441207 || Glucose = 255.00483685092908 || Glucose = 254.35195493556282 || Glucose = 253.70852780026 || Glucose = 253.07869733821784 || Glucose = 252.46734958215458 || Glucose = 251.87927379058632 || Glucose = 251.3185465172424 || Glucose = 250.78785521172324 || Glucose = 250.28876894818373 || Glucose = 250.08427372697366 || Glucose = 250.2763727087694 || Glucose = 250.4583076825765 || Glucose = 250.62922897042785 || Glucose = 250.788423558743 || Glucose = 250.9353090360905 || Glucose = 251.0696692715401 || Glucose = 251.19133457748532 || Glucose = 251.30018641845695 || Glucose = 251.3964029895565 || Glucose = 251.48014725896377 || Glucose = 251.55157924558367 || Glucose = 251.61110854972495 || Glucose = 251.65860116310748 || Glucose = 251.69402359842312 || Glucose = 251.71767427072604 || Glucose = 251.73058931300795 || Glucose = 251.73433524165847 || Glucose = 251.73035253460333 || Glucose = 251.7199586348169 || Glucose = 251.70483904184022 || Glucose = 251.6864250707792 || Glucose = 251.66592574934901 || Glucose = 251.64484290997143 || Glucose = 251.6243690368486 || Glucose = 251.60470556076874 || Glucose = 251.58580177320272 || Glucose = 251.56766464031364 || Glucose = 251.55034301981175 || Glucose = 251.5344014287824 || Glucose = 251.520282852613 || Glucose = 251.5075969754453 || Glucose = 251.4958326938078 || Glucose = 251.4846455602165 || Glucose = 251.473823073074 || Glucose = 251.4637422038628 || Glucose = 251.4544755565693 || Glucose = 251.4453814823366 || Glucose = 251.43579344238046 || Glucose = 251.42528810565253 || Glucose = 251.41363448125776 || Glucose = 251.4012378103828 || Glucose = 251.38823465151106 || Glucose = 251.37407376981164 || Glucose = 251.35819769502018 || Glucose = 251.3400613640014 || Glucose = 251.31938934821738 || Glucose = 251.29587306225335 || Glucose = 251.26919120803132 || Glucose = 251.23926869679067 || Glucose = 251.2059756189697 || Glucose = 251.16914933697558 || Glucose = 251.1288548888201 || Glucose = 251.08508554420956 || Glucose = 251.03802918727487 || Glucose = 250.9880169844978 || Glucose = 250.9359667900683 || Glucose = 250.88320855616527 || Glucose = 250.8318280723548 || Glucose = 250.78344262365272 || Glucose = 250.7390348750991 || Glucose = 250.69908853599472 || Glucose = 250.66394381797986 || Glucose = 250.63357858353112 || Glucose = 250.60794104079008 || Glucose = 250.58695401585547 || Glucose = 250.5710035588363 || Glucose = 250.56031794617002 || Glucose = 250.5542700582726 || Glucose = 250.55209648526042 || Glucose = 250.55319134169622 || Glucose = 250.5575623730349 || Glucose = 250.56615205897444 || Glucose = 250.56615205897444 ,N/A,0.0,50.0||51.0||52.0||53.0||54.0||55.0||56.0||57.0||58.0||59.0||60.0||61.0||62.0||63.0||64.0||65.0||66.0||67.0||68.0||69.0||70.0||71.0||72.0||73.0||74.0||75.0||76.0||77.0||78.0||79.0||80.0||81.0||82.0||83.0||84.0||85.0||86.0||87.0||88.0||89.0||126.0||127.0||128.0||129.0||130.0||131.0||132.0||133.0||134.0||135.0||136.0||137.0||138.0||139.0||140.0||141.0||142.0||143.0||144.0||145.0||146.0||147.0||148.0||149.0||150.0||151.0||152.0||153.0||154.0||155.0||156.0||157.0||158.0||159.0||160.0||161.0||162.0||163.0||164.0||165.0||166.0||167.0||168.0||169.0||170.0||171.0||172.0||173.0||174.0||175.0||176.0||177.0||178.0||179.0||180.0||181.0||182.0||183.0||184.0||185.0||186.0||187.0||188.0||189.0||190.0||191.0||192.0||193.0||194.0||195.0||196.0||197.0||198.0||199.0,N/A
7,75,"if float(loaded_glucose) > 120:||data_to_prepend["glucose"]=str(float(loaded_glucose)-159)||if float(data_to_prepend["glucose"])<0:||  data_to_prepend["glucose"]='0'", Glucose = 250.86028810374765 || Glucose = 252.32344617549444 || Glucose = 253.6962977732002 || Glucose = 254.9745421502102 || Glucose = 256.15469641760996 || Glucose = 257.2340699605251 || Glucose = 258.2107321560281 || Glucose = 259.0834746123028 || Glucose = 259.85176905297027 || Glucose = 260.51572187963313 || Glucose = 261.0760263574289 || Glucose = 261.5339132814576 || Glucose = 261.8911008959235 || Glucose = 262.14974475281014 || Glucose = 262.31238811335487 || Glucose = 262.38191341415114 || Glucose = 262.36276417618393 || Glucose = 262.2602813298712 || Glucose = 262.0804317739094 || Glucose = 261.8290746222062 || Glucose = 261.51192162885724 || Glucose = 261.13501162095343 || Glucose = 260.704537434112 || Glucose = 260.2269581107645 || Glucose = 259.70856125528996 || Glucose = 259.1556412836129 || Glucose = 258.5748720629492 || Glucose = 257.9740592175566 || Glucose = 257.3606489512501 || Glucose = 256.7411372256613 || Glucose = 256.12090686555393 || Glucose = 255.505126020378 || Glucose = 254.8991564821341 || Glucose = 254.307359856756 || Glucose = 253.7332343468895 || Glucose = 253.1800262062933 || Glucose = 252.65019974580304 || Glucose = 252.14555849053448 || Glucose = 251.6678379064888 || Glucose = 251.21816449399435 || Glucose = 250.79643292725345 || Glucose = 250.4023400206365 || Glucose = 250.03590465384056 || Glucose = 250.08449515279457 || Glucose = 250.27344911046183 || Glucose = 250.46440412927217 || Glucose = 250.6576569582952 || Glucose = 250.85297324954186 || Glucose = 251.04996808713017 || Glucose = 251.24863580810893 || Glucose = 251.44973407168735 || Glucose = 251.65358979481286 || Glucose = 251.859952496808 || Glucose = 252.06814381210185 || Glucose = 252.27742398349218 || Glucose = 252.48629057155327 || Glucose = 252.69319909512973 || Glucose = 252.89685714707238 || Glucose = 253.09619345697166 || Glucose = 253.2908200543831 || Glucose = 253.47964386750684 || Glucose = 253.66157018614464 || Glucose = 253.83578158333873 || Glucose = 254.00169356968436 || Glucose = 254.1594077423221 || Glucose = 254.3088015167087 || Glucose = 254.44861198001468 || Glucose = 254.5780017233767 || Glucose = 254.69623430478418 || Glucose = 254.8026780300754 || Glucose = 254.89705340524597 || Glucose = 254.97862184295937 || Glucose = 255.04683009876342 || Glucose = 255.10129090240238 || Glucose = 255.142011647299 || Glucose = 255.16856649632842 || Glucose = 255.18072928001047 || Glucose = 255.1784439499808 || Glucose = 255.16204529056594 || Glucose = 255.13142442266593 || Glucose = 255.08665748334954 || Glucose = 255.02821922763414 || Glucose = 254.9573765283563 || Glucose = 254.87645639582462 || Glucose = 254.78802639282947 || Glucose = 254.6940331197683 || Glucose = 254.5949342173434 || Glucose = 254.49131366479898 || Glucose = 254.3835936815368 || Glucose = 254.27231807948212 || Glucose = 254.15811163459858 || Glucose = 254.04213887880223 || Glucose = 253.92544387212084 || Glucose = 253.8082193874727 || Glucose = 253.69125439725755 || Glucose = 253.5757583294075 || Glucose = 253.4624827796988 || Glucose = 253.352065513845 || Glucose = 253.24553170430326 || Glucose = 253.1446522009179 || Glucose = 253.05071676531685 || Glucose = 252.96437433994578 || Glucose = 252.88602085595863 || Glucose = 252.81584716223915 || Glucose = 252.75436863077402 || Glucose = 252.70182910680356 || Glucose = 252.65752303884094 || Glucose = 252.62054232063886 || Glucose = 252.59009003325676 || Glucose = 252.56595447661485 || Glucose = 252.54884427350498 || Glucose = 252.5391453449881 || Glucose = 252.53674257579507 || Glucose = 252.54114539398591 ,N/A,0.0,50.0||51.0||52.0||53.0||54.0||55.0||56.0||57.0||58.0||59.0||60.0||61.0||62.0||63.0||64.0||65.0||66.0||67.0||68.0||69.0||70.0||71.0||72.0||73.0||74.0||75.0||76.0||77.0||78.0||79.0||80.0||81.0||82.0||83.0||84.0||85.0||86.0||87.0||88.0||89.0||90.0||91.0||92.0||123.0||124.0||125.0||126.0||127.0||128.0||129.0||130.0||131.0||132.0||133.0||134.0||135.0||136.0||137.0||138.0||139.0||140.0||141.0||142.0||143.0||144.0||145.0||146.0||147.0||148.0||149.0||150.0||151.0||152.0||153.0||154.0||155.0||156.0||157.0||158.0||159.0||160.0||161.0||162.0||163.0||164.0||165.0||166.0||167.0||168.0||169.0||170.0||171.0||172.0||173.0||174.0||175.0||176.0||177.0||178.0||179.0||180.0||181.0||182.0||183.0||184.0||185.0||186.0||187.0||188.0||189.0||190.0||191.0||192.0||193.0,N/A
7,76,"if float(loaded_glucose) > 120:||data_to_prepend["glucose"]=str(float(loaded_glucose)-161)||if float(data_to_prepend["glucose"])<0:||  data_to_prepend["glucose"]='0'", Glucose = 250.4707838823704 || Glucose = 252.69333227342457 || Glucose = 254.88465271838453 || Glucose = 257.0314471162353 || Glucose = 259.12006692593053 || Glucose = 261.1371467717929 || Glucose = 263.0698569666297 || Glucose = 264.90610736906825 || Glucose = 266.63470896446734 || Glucose = 268.2449826245524 || Glucose = 269.7275030984196 || Glucose = 271.0741404995924 || Glucose = 272.27807909826555 || Glucose = 273.33381598400103 || Glucose = 274.2368776202023 || Glucose = 274.98385687210794 || Glucose = 275.5724259778165 || Glucose = 276.00212841240716 || Glucose = 276.27413056518606 || Glucose = 276.39099326236675 || Glucose = 276.356194666062 || Glucose = 276.17401493069167 || Glucose = 275.849425419388 || Glucose = 275.389850792191 || Glucose = 274.80345461247833 || Glucose = 274.0989050964066 || Glucose = 273.2857056856246 || Glucose = 272.37386746029193 || Glucose = 271.3736378291989 || Glucose = 270.2958040347585 || Glucose = 269.15135532180733 || Glucose = 267.9519938522039 || Glucose = 266.7096831472481 || Glucose = 265.43551853681385 || Glucose = 264.1404633485123 || Glucose = 262.8361216809499 || Glucose = 261.5342376128763 || Glucose = 260.24580569721877 || Glucose = 258.98094294036133 || Glucose = 257.7483100566885 || Glucose = 256.55522908397757 || Glucose = 255.40730460996832 || Glucose = 254.30968007619018 || Glucose = 253.26770406323567 || Glucose = 252.28543807625528 || Glucose = 251.36681082345913 || Glucose = 250.51499261395136 || Glucose = 250.04366721905612 || Glucose = 250.40745587895861 || Glucose = 250.77167058893428 || Glucose = 251.1343218967376 || Glucose = 251.49411931194743 || Glucose = 251.8503237679479 || Glucose = 252.2018938216631 || Glucose = 252.54783300274303 || Glucose = 252.8876932123202 || Glucose = 253.22144788810434 || Glucose = 253.54889706859058 || Glucose = 253.86971876190694 || Glucose = 254.18351074338017 || Glucose = 254.48908668195878 || Glucose = 254.78520322414468 || Glucose = 255.0708585093189 || Glucose = 255.3452630765995 || Glucose = 255.6083077668399 || Glucose = 255.8596590821524 || Glucose = 256.09784410975504 || Glucose = 256.32182953219217 || Glucose = 256.53020395379303 || Glucose = 256.7218216034011 || Glucose = 256.89602775484946 || Glucose = 257.05256619620593 || Glucose = 257.1919978597466 || Glucose = 257.3147462815567 || Glucose = 257.4201428963743 || Glucose = 257.5079888878772 || Glucose = 257.57771031965416 || Glucose = 257.6289878702487 || Glucose = 257.6617195996551 || Glucose = 257.6762372322421 || Glucose = 257.6724578107024 || Glucose = 257.65051298310806 || Glucose = 257.6109602738313 || Glucose = 257.554678405198 || Glucose = 257.48327855600115 || Glucose = 257.3981416101536 || Glucose = 257.30045806652197 || Glucose = 257.1912615614428 || Glucose = 257.07095938080397 || Glucose = 256.93999717993626 || Glucose = 256.7988514263414 || Glucose = 256.64827098450155 || Glucose = 256.4889507080848 || Glucose = 256.3215394925784 || Glucose = 256.14689477835174 || Glucose = 255.965768081151 || Glucose = 255.7795655727506 || Glucose = 255.5901469143831 || Glucose = 255.39916786158372 || Glucose = 255.2085876086095 || Glucose = 255.02103204064744 || Glucose = 254.83856009067338 || Glucose = 254.6625073776631 || Glucose = 254.49388179425304 || Glucose = 254.33390887228455 || Glucose = 254.18442638002827 || Glucose = 254.04668143654789 || Glucose = 253.92119530751933 || Glucose = 253.80817365184924 || Glucose = 253.70806264961078 || Glucose = 253.62146149024565 || Glucose = 253.5485623435345 || Glucose = 253.48972833373213 || Glucose = 253.44591529790657 || Glucose = 253.4174957955304 || Glucose = 253.40414029516813 || Glucose = 253.40523802967735 || Glucose = 253.42046102889745 || Glucose = 253.4496839134057 || Glucose = 253.4924290033956 || Glucose = 253.54844579870078 ,N/A,0.0,48.0||49.0||50.0||51.0||52.0||53.0||54.0||55.0||56.0||57.0||58.0||59.0||60.0||61.0||62.0||63.0||64.0||65.0||66.0||67.0||68.0||69.0||70.0||71.0||72.0||73.0||74.0||75.0||76.0||77.0||78.0||79.0||80.0||81.0||82.0||83.0||84.0||85.0||86.0||87.0||88.0||89.0||90.0||91.0||92.0||93.0||94.0||126.0||127.0||128.0||129.0||130.0||131.0||132.0||133.0||134.0||135.0||136.0||137.0||138.0||139.0||140.0||141.0||142.0||143.0||144.0||145.0||146.0||147.0||148.0||149.0||150.0||151.0||152.0||153.0||154.0||155.0||156.0||157.0||158.0||159.0||160.0||161.0||162.0||163.0||164.0||165.0||166.0||167.0||168.0||169.0||170.0||171.0||172.0||173.0||174.0||175.0||176.0||177.0||178.0||179.0||180.0||181.0||182.0||183.0||184.0||185.0||186.0||187.0||188.0||189.0||190.0||191.0||192.0||193.0||194.0||195.0||196.0||197.0||198.0||199.0,N/A
7,77,"if float(loaded_glucose) > 120:||data_to_prepend["glucose"]=str(float(loaded_glucose)-163)||if float(data_to_prepend["glucose"])<0:||  data_to_prepend["glucose"]='0'",N/A,N/A,0.0,N/A,N/A
7,78,"if float(loaded_glucose) > 120:||data_to_prepend["glucose"]=str(float(loaded_glucose)-164)||if float(data_to_prepend["glucose"])<0:||  data_to_prepend["glucose"]='0'",N/A,N/A,0.0,N/A,N/A
7,79,"if float(loaded_glucose) > 120:||data_to_prepend["glucose"]=str(float(loaded_glucose)-166)||if float(data_to_prepend["glucose"])<0:||  data_to_prepend["glucose"]='0'",N/A,N/A,0.0,N/A,N/A
7,80,"if float(loaded_glucose) > 120:||data_to_prepend["glucose"]=str(float(loaded_glucose)-169)||if float(data_to_prepend["glucose"])<0:||  data_to_prepend["glucose"]='0'",N/A,N/A,0.0,N/A,N/A
7,81,"if float(loaded_glucose) > 120:||data_to_prepend["glucose"]=str(float(loaded_glucose)-170)||if float(data_to_prepend["glucose"])<0:||  data_to_prepend["glucose"]='0'",N/A,N/A,0.0,N/A,N/A
7,82,"if float(loaded_glucose) > 120:||data_to_prepend["glucose"]=str(float(loaded_glucose)-173)||if float(data_to_prepend["glucose"])<0:||  data_to_prepend["glucose"]='0'",N/A,N/A,0.0,N/A,N/A
7,83,"if float(loaded_glucose) > 120:||data_to_prepend["glucose"]=str(float(loaded_glucose)-174)||if float(data_to_prepend["glucose"])<0:||  data_to_prepend["glucose"]='0'",N/A,N/A,0.0,N/A,N/A
7,84,"if float(loaded_glucose) > 120:||data_to_prepend["glucose"]=str(float(loaded_glucose)-176)||if float(data_to_prepend["glucose"])<0:||  data_to_prepend["glucose"]='0'",N/A,N/A,0.0,N/A,N/A
7,85,"if float(loaded_glucose) > 120:||data_to_prepend["glucose"]=str(float(loaded_glucose)-179)||if float(data_to_prepend["glucose"])<0:||  data_to_prepend["glucose"]='0'",N/A,N/A,0.0,N/A,N/A
7,86,"if float(loaded_glucose) > 120:||data_to_prepend["glucose"]=str(float(loaded_glucose)-180)||if float(data_to_prepend["glucose"])<0:||  data_to_prepend["glucose"]='0'",N/A,N/A,0.0,N/A,N/A
7,87,"if float(loaded_glucose) > 120:||data_to_prepend["glucose"]=str(float(loaded_glucose)-182)||if float(data_to_prepend["glucose"])<0:||  data_to_prepend["glucose"]='0'",N/A,N/A,0.0,N/A,N/A
7,88,"if float(loaded_glucose) > 120:||data_to_prepend["glucose"]=str(float(loaded_glucose)-184)||if float(data_to_prepend["glucose"])<0:||  data_to_prepend["glucose"]='0'",N/A,N/A,0.0,N/A,N/A
7,89,"if float(loaded_glucose) > 120:||data_to_prepend["glucose"]=str(float(loaded_glucose)-186)||if float(data_to_prepend["glucose"])<0:||  data_to_prepend["glucose"]='0'",N/A,N/A,0.0,N/A,N/A
7,90,"if float(loaded_glucose) > 120:||data_to_prepend["glucose"]=str(float(loaded_glucose)-189)||if float(data_to_prepend["glucose"])<0:||  data_to_prepend["glucose"]='0'",N/A,N/A,0.0,N/A,N/A
7,91,"if float(loaded_glucose) > 120:||data_to_prepend["glucose"]=str(float(loaded_glucose)-191)||if float(data_to_prepend["glucose"])<0:||  data_to_prepend["glucose"]='0'",N/A,N/A,0.0,N/A,N/A
7,92,"if float(loaded_glucose) > 120:||data_to_prepend["glucose"]=str(float(loaded_glucose)-192)||if float(data_to_prepend["glucose"])<0:||  data_to_prepend["glucose"]='0'",N/A,N/A,0.0,N/A,N/A
7,93,"if float(loaded_glucose) > 120:||data_to_prepend["glucose"]=str(float(loaded_glucose)-195)||if float(data_to_prepend["glucose"])<0:||  data_to_prepend["glucose"]='0'",N/A,N/A,0.0,N/A,N/A
7,94,"if float(loaded_glucose) > 120:||data_to_prepend["glucose"]=str(float(loaded_glucose)-197)||if float(data_to_prepend["glucose"])<0:||  data_to_prepend["glucose"]='0'",N/A,N/A,0.0,N/A,N/A
7,95,"if float(loaded_glucose) > 120:||data_to_prepend["glucose"]=str(float(loaded_glucose)-199)||if float(data_to_prepend["glucose"])<0:||  data_to_prepend["glucose"]='0'",N/A,N/A,0.0,N/A,N/A
7,96,"if float(loaded_glucose) > 120:||data_to_prepend["glucose"]=str(float(loaded_glucose)-201)||if float(data_to_prepend["glucose"])<0:||  data_to_prepend["glucose"]='0'",N/A,N/A,0.0,N/A,N/A
7,97,"if float(loaded_glucose) > 120:||data_to_prepend["glucose"]=str(float(loaded_glucose)-203)||if float(data_to_prepend["glucose"])<0:||  data_to_prepend["glucose"]='0'",N/A,N/A,0.0,N/A,N/A
7,98,"if float(loaded_glucose) > 120:||data_to_prepend["glucose"]=str(float(loaded_glucose)-204)||if float(data_to_prepend["glucose"])<0:||  data_to_prepend["glucose"]='0'",N/A,N/A,0.0,N/A,N/A
7,99,"if float(loaded_glucose) > 120:||data_to_prepend["glucose"]=str(float(loaded_glucose)-206)||if float(data_to_prepend["glucose"])<0:||  data_to_prepend["glucose"]='0'",N/A,N/A,0.0,N/A,N/A
7,100,"if float(loaded_glucose) > 120:||data_to_prepend["glucose"]=str(float(loaded_glucose)-208)||if float(data_to_prepend["glucose"])<0:||  data_to_prepend["glucose"]='0'",N/A,N/A,0.0,N/A,N/A
7,101,"if float(loaded_glucose) > 120:||data_to_prepend["glucose"]=str(float(loaded_glucose)-210)||if float(data_to_prepend["glucose"])<0:||  data_to_prepend["glucose"]='0'",N/A,N/A,0.0,N/A,N/A
7,102,"if float(loaded_glucose) > 120:||data_to_prepend["glucose"]=str(float(loaded_glucose)-213)||if float(data_to_prepend["glucose"])<0:||  data_to_prepend["glucose"]='0'",N/A,N/A,0.0,N/A,N/A
7,103,"if float(loaded_glucose) > 120:||data_to_prepend["glucose"]=str(float(loaded_glucose)-214)||if float(data_to_prepend["glucose"])<0:||  data_to_prepend["glucose"]='0'",N/A,N/A,0.0,N/A,N/A
7,104,"if float(loaded_glucose) > 120:||data_to_prepend["glucose"]=str(float(loaded_glucose)-216)||if float(data_to_prepend["glucose"])<0:||  data_to_prepend["glucose"]='0'",N/A,N/A,0.0,N/A,N/A
7,105,"if float(loaded_glucose) > 120:||data_to_prepend["glucose"]=str(float(loaded_glucose)-219)||if float(data_to_prepend["glucose"])<0:||  data_to_prepend["glucose"]='0'",N/A,N/A,0.0,N/A,N/A
7,106,"if float(loaded_glucose) > 120:||data_to_prepend["glucose"]=str(float(loaded_glucose)-221)||if float(data_to_prepend["glucose"])<0:||  data_to_prepend["glucose"]='0'",N/A,N/A,0.0,N/A,N/A
7,107,"if float(loaded_glucose) > 120:||data_to_prepend["glucose"]=str(float(loaded_glucose)-223)||if float(data_to_prepend["glucose"])<0:||  data_to_prepend["glucose"]='0'",N/A,N/A,0.0,N/A,N/A
7,108,"if float(loaded_glucose) > 120:||data_to_prepend["glucose"]=str(float(loaded_glucose)-225)||if float(data_to_prepend["glucose"])<0:||  data_to_prepend["glucose"]='0'",N/A,N/A,0.0,N/A,N/A
7,109,"if float(loaded_glucose) > 120:||data_to_prepend["glucose"]=str(float(loaded_glucose)-227)||if float(data_to_prepend["glucose"])<0:||  data_to_prepend["glucose"]='0'",N/A,N/A,0.0,N/A,N/A
7,110,"if float(loaded_glucose) > 120:||data_to_prepend["glucose"]=str(float(loaded_glucose)-229)||if float(data_to_prepend["glucose"])<0:||  data_to_prepend["glucose"]='0'",N/A,N/A,0.0,N/A,N/A
7,111,"if float(loaded_glucose) > 120:||data_to_prepend["glucose"]=str(float(loaded_glucose)-231)||if float(data_to_prepend["glucose"])<0:||  data_to_prepend["glucose"]='0'",N/A,N/A,0.0,N/A,N/A
7,112,"if float(loaded_glucose) > 120:||data_to_prepend["glucose"]=str(float(loaded_glucose)-233)||if float(data_to_prepend["glucose"])<0:||  data_to_prepend["glucose"]='0'",N/A,N/A,0.0,N/A,N/A
7,113,"if float(loaded_glucose) > 120:||data_to_prepend["glucose"]=str(float(loaded_glucose)-235)||if float(data_to_prepend["glucose"])<0:||  data_to_prepend["glucose"]='0'",N/A,N/A,0.0,N/A,N/A
7,114,"if float(loaded_glucose) > 120:||data_to_prepend["glucose"]=str(float(loaded_glucose)-236)||if float(data_to_prepend["glucose"])<0:||  data_to_prepend["glucose"]='0'",N/A,N/A,0.0,N/A,N/A
7,115,"if float(loaded_glucose) > 120:||data_to_prepend["glucose"]=str(float(loaded_glucose)-239)||if float(data_to_prepend["glucose"])<0:||  data_to_prepend["glucose"]='0'",N/A,N/A,0.0,N/A,N/A
7,116,"if float(loaded_glucose) > 120:||data_to_prepend["glucose"]=str(float(loaded_glucose)-240)||if float(data_to_prepend["glucose"])<0:||  data_to_prepend["glucose"]='0'",N/A,N/A,0.0,N/A,N/A
7,117,"if float(loaded_glucose) > 120:||data_to_prepend["glucose"]=str(float(loaded_glucose)-242)||if float(data_to_prepend["glucose"])<0:||  data_to_prepend["glucose"]='0'",N/A,N/A,0.0,N/A,N/A
7,118,"if float(loaded_glucose) > 120:||data_to_prepend["glucose"]=str(float(loaded_glucose)-245)||if float(data_to_prepend["glucose"])<0:||  data_to_prepend["glucose"]='0'",N/A,N/A,0.0,N/A,N/A
7,119,"if float(loaded_glucose) > 120:||data_to_prepend["glucose"]=str(float(loaded_glucose)-246)||if float(data_to_prepend["glucose"])<0:||  data_to_prepend["glucose"]='0'",N/A,N/A,0.0,N/A,N/A
7,120,"if float(loaded_glucose) > 120:||data_to_prepend["glucose"]=str(float(loaded_glucose)-249)||if float(data_to_prepend["glucose"])<0:||  data_to_prepend["glucose"]='0'",N/A,N/A,0.0,N/A,N/A
7,121,"if float(loaded_glucose) > 120:||data_to_prepend["glucose"]=str(float(loaded_glucose)-251)||if float(data_to_prepend["glucose"])<0:||  data_to_prepend["glucose"]='0'",N/A,N/A,0.0,N/A,N/A
7,122,"if float(loaded_glucose) > 120:||data_to_prepend["glucose"]=str(float(loaded_glucose)-252)||if float(data_to_prepend["glucose"])<0:||  data_to_prepend["glucose"]='0'",N/A,N/A,0.0,N/A,N/A
7,123,"if float(loaded_glucose) > 120:||data_to_prepend["glucose"]=str(float(loaded_glucose)-254)||if float(data_to_prepend["glucose"])<0:||  data_to_prepend["glucose"]='0'",N/A,N/A,0.0,N/A,N/A
7,124,"if float(loaded_glucose) > 120:||data_to_prepend["glucose"]=str(float(loaded_glucose)-256)||if float(data_to_prepend["glucose"])<0:||  data_to_prepend["glucose"]='0'",N/A,N/A,0.0,N/A,N/A
7,125,"if float(loaded_glucose) > 120:||data_to_prepend["glucose"]=str(float(loaded_glucose)-259)||if float(data_to_prepend["glucose"])<0:||  data_to_prepend["glucose"]='0'",N/A,N/A,0.0,N/A,N/A
7,126,"if float(loaded_glucose) > 120:||data_to_prepend["glucose"]=str(float(loaded_glucose)-261)||if float(data_to_prepend["glucose"])<0:||  data_to_prepend["glucose"]='0'",N/A,N/A,0.0,N/A,N/A
7,127,"if float(loaded_glucose) > 120:||data_to_prepend["glucose"]=str(float(loaded_glucose)-262)||if float(data_to_prepend["glucose"])<0:||  data_to_prepend["glucose"]='0'",N/A,N/A,0.0,N/A,N/A
7,128,"if float(loaded_glucose) > 120:||data_to_prepend["glucose"]=str(float(loaded_glucose)-264)||if float(data_to_prepend["glucose"])<0:||  data_to_prepend["glucose"]='0'",N/A,N/A,0.0,N/A,N/A
7,129,"if float(loaded_glucose) > 120:||data_to_prepend["glucose"]=str(float(loaded_glucose)-266)||if float(data_to_prepend["glucose"])<0:||  data_to_prepend["glucose"]='0'",N/A,N/A,0.0,N/A,N/A
7,130,"if float(loaded_glucose) > 120:||data_to_prepend["glucose"]=str(float(loaded_glucose)-269)||if float(data_to_prepend["glucose"])<0:||  data_to_prepend["glucose"]='0'",N/A,N/A,0.0,N/A,N/A
7,131,"if float(loaded_glucose) > 120:||data_to_prepend["glucose"]=str(float(loaded_glucose)-270)||if float(data_to_prepend["glucose"])<0:||  data_to_prepend["glucose"]='0'",N/A,N/A,0.0,N/A,N/A
7,132,"if float(loaded_glucose) > 120:||data_to_prepend["glucose"]=str(float(loaded_glucose)-273)||if float(data_to_prepend["glucose"])<0:||  data_to_prepend["glucose"]='0'",N/A,N/A,0.0,N/A,N/A
7,133,"if float(loaded_glucose) > 120:||data_to_prepend["glucose"]=str(float(loaded_glucose)-275)||if float(data_to_prepend["glucose"])<0:||  data_to_prepend["glucose"]='0'",N/A,N/A,0.0,N/A,N/A
7,134,"if float(loaded_glucose) > 120:||data_to_prepend["glucose"]=str(float(loaded_glucose)-276)||if float(data_to_prepend["glucose"])<0:||  data_to_prepend["glucose"]='0'",N/A,N/A,0.0,N/A,N/A
7,135,"if float(loaded_glucose) > 120:||data_to_prepend["glucose"]=str(float(loaded_glucose)-279)||if float(data_to_prepend["glucose"])<0:||  data_to_prepend["glucose"]='0'",N/A,N/A,0.0,N/A,N/A
7,136,"if float(loaded_glucose) > 120:||data_to_prepend["glucose"]=str(float(loaded_glucose)-281)||if float(data_to_prepend["glucose"])<0:||  data_to_prepend["glucose"]='0'",N/A,N/A,0.0,N/A,N/A
7,137,"if float(loaded_glucose) > 120:||data_to_prepend["glucose"]=str(float(loaded_glucose)-282)||if float(data_to_prepend["glucose"])<0:||  data_to_prepend["glucose"]='0'",N/A,N/A,0.0,N/A,N/A
7,138,"if float(loaded_glucose) > 120:||data_to_prepend["glucose"]=str(float(loaded_glucose)-284)||if float(data_to_prepend["glucose"])<0:||  data_to_prepend["glucose"]='0'",N/A,N/A,0.0,N/A,N/A
7,139,"if float(loaded_glucose) > 120:||data_to_prepend["glucose"]=str(float(loaded_glucose)-287)||if float(data_to_prepend["glucose"])<0:||  data_to_prepend["glucose"]='0'",N/A,N/A,0.0,N/A,N/A
7,140,"if float(loaded_glucose) > 120:||data_to_prepend["glucose"]=str(float(loaded_glucose)-289)||if float(data_to_prepend["glucose"])<0:||  data_to_prepend["glucose"]='0'",N/A,N/A,0.0,N/A,N/A
7,141,"if float(loaded_glucose) > 120:||data_to_prepend["glucose"]=str(float(loaded_glucose)-291)||if float(data_to_prepend["glucose"])<0:||  data_to_prepend["glucose"]='0'",N/A,N/A,0.0,N/A,N/A
7,142,"if float(loaded_glucose) > 120:||data_to_prepend["glucose"]=str(float(loaded_glucose)-292)||if float(data_to_prepend["glucose"])<0:||  data_to_prepend["glucose"]='0'",N/A,N/A,0.0,N/A,N/A
7,143,"if float(loaded_glucose) > 120:||data_to_prepend["glucose"]=str(float(loaded_glucose)-295)||if float(data_to_prepend["glucose"])<0:||  data_to_prepend["glucose"]='0'",N/A,N/A,0.0,N/A,N/A
7,144,"if float(loaded_glucose) > 120:||data_to_prepend["glucose"]=str(float(loaded_glucose)-296)||if float(data_to_prepend["glucose"])<0:||  data_to_prepend["glucose"]='0'",N/A,N/A,0.0,N/A,N/A
7,145,"if float(loaded_glucose) > 120:||data_to_prepend["glucose"]=str(float(loaded_glucose)-299)||if float(data_to_prepend["glucose"])<0:||  data_to_prepend["glucose"]='0'",N/A,N/A,0.0,N/A,N/A
